{
  "timestamp": "2025-09-30T09:30:43.806749Z",
  "emb_path": "H:\\AxioPoC\\artifacts_xfer\\afd_msg_emb_PARTIAL.parquet",
  "labels_path": "C:\\AxioPoC\\data\\wikipedia\\afd\\afd_eval.csv",
  "thread_col": "thread_id",
  "label_col": "label",
  "emb_prefix": "e",
  "min_msgs": 5,
  "n_threads_used": 66175,
  "dim": 384,
  "B_requested": 300,
  "B_effective": 300,
  "skipped": 0,
  "sample_frac": 0.9,
  "cos_mean": 0.6515254974365234,
  "cos_median": 0.6581515073776245,
  "cos_min": 0.3405248820781708,
  "cos_max": 0.802385687828064,
  "cos_p05": 0.5306006073951721,
  "cos_p25": 0.6199185252189636,
  "cos_p75": 0.6958311796188354,
  "cos_p95": 0.7415340542793274,
  "threshold_pass_median_ge_0.90": false
}