{
  "timestamp": "2025-09-30T09:19:53.248442Z",
  "emb_path": "H:\\AxioPoC\\artifacts_xfer\\afd_msg_emb_PARTIAL.parquet",
  "labels_path": "C:\\AxioPoC\\data\\wikipedia\\afd\\afd_eval.csv",
  "thread_col": "thread_id",
  "label_col": "label",
  "emb_prefix": "e",
  "min_msgs": 5,
  "n_threads_used": 66175,
  "dim": 384,
  "B_requested": 1000,
  "B_effective": 1000,
  "skipped": 0,
  "sample_frac": 0.7,
  "cos_mean": 0.6051309704780579,
  "cos_median": 0.6180535554885864,
  "cos_min": 0.3114548921585083,
  "cos_max": 0.7724677324295044,
  "cos_p05": 0.46299535036087036,
  "cos_p25": 0.559844434261322,
  "cos_p75": 0.6588375568389893,
  "cos_p95": 0.7061017155647278,
  "threshold_pass_median_ge_0.90": false
}